{"v":"4.8.0","meta":{"g":"LottieFiles AE 1.0.0","a":"Jonathan Dunphy","k":"loader, loading, load, spinner, spinning","d":"Spinning Circles in plus sign shape animated loader","tc":""},"fr":30,"ip":0,"op":75,"w":1000,"h":1000,"nm":"Spinning Circles Loader","ddd":0,"assets":[],"layers":[{"ddd":0,"ind":1,"ty":3,"nm":"Null Object for Rotation","sr":1,"ks":{"o":{"a":0,"k":0,"ix":11},"r":{"a":1,"k":[{"i":{"x":[0.667],"y":[1]},"o":{"x":[0.333],"y":[0]},"t":20,"s":[0]},{"t":58,"s":[360]}],"ix":10},"p":{"a":0,"k":[501.952,497.357,0],"ix":2},"a":{"a":0,"k":[50,50,0],"ix":1},"s":{"a":0,"k":[100,100,100],"ix":6}},"ao":0,"ip":0,"op":75,"st":0,"bm":0},{"ddd":0,"ind":2,"ty":4,"nm":"Circle 4","parent":1,"sr":1,"ks":{"o":{"a":0,"k":100,"ix":11},"r":{"a":0,"k":109,"ix":10},"p":{"a":1,"k":[{"i":{"x":0.667,"y":1},"o":{"x":0.746,"y":0},"t":0,"s":[50,50,0],"to":[-33.73,-0.524,0],"ti":[33.73,0.524,0]},{"i":{"x":0.667,"y":0.667},"o":{"x":0.333,"y":0.333},"t":20,"s":[-152.381,46.857,0],"to":[0,0,0],"ti":[0,0,0]},{"i":{"x":0.363,"y":1},"o":{"x":0.746,"y":0},"t":58,"s":[-152.381,46.857,0],"to":[33.73,0.524,0],"ti":[-33.73,-0.524,0]},{"t":74,"s":[50,50,0]}],"ix":2},"a":{"a":0,"k":[-191.752,-179.752,0],"ix":1},"s":{"a":0,"k":[100,100,100],"ix":6}},"ao":0,"shapes":[{"ty":"gr","it":[{"d":1,"ty":"el","s":{"a":0,"k":[160.497,160.497],"ix":2},"p":{"a":0,"k":[0,0],"ix":3},"nm":"Ellipse Path 1","mn":"ADBE Vector Shape - Ellipse","hd":false},{"ty":"fl","c":{"a":0,"k":[0.426512235754,0.606781544405,0.94211545458,1],"ix":4},"o":{"a":0,"k":100,"ix":5},"r":1,"bm":0,"nm":"Fill 1","mn":"ADBE Vector Graphic - Fill","hd":false},{"ty":"tr","p":{"a":0,"k":[-191.752,-179.752],"ix":2},"a":{"a":0,"k":[0,0],"ix":1},"s":{"a":0,"k":[100,100],"ix":3},"r":{"a":0,"k":0,"ix":6},"o":{"a":0,"k":100,"ix":7},"sk":{"a":0,"k":0,"ix":4},"sa":{"a":0,"k":0,"ix":5},"nm":"Transform"}],"nm":"Ellipse 1","np":3,"cix":2,"bm":0,"ix":1,"mn":"ADBE Vector Group","hd":false}],"ip":0,"op":75,"st":0,"bm":0},{"ddd":0,"ind":3,"ty":4,"nm":"Circle 3","parent":1,"sr":1,"ks":{"o":{"a":0,"k":100,"ix":11},"r":{"a":0,"k":109,"ix":10},"p":{"a":1,"k":[{"i":{"x":0.681,"y":1},"o":{"x":0.756,"y":0},"t":0,"s":[50,50,0],"to":[33.889,-0.524,0],"ti":[-33.889,0.524,0]},{"i":{"x":0.667,"y":0.667},"o":{"x":0.339,"y":0.339},"t":20,"s":[253.332,46.857,0],"to":[0,0,0],"ti":[0,0,0]},{"i":{"x":0.363,"y":1},"o":{"x":0.746,"y":0},"t":58,"s":[253.332,46.857,0],"to":[-33.889,0.524,0],"ti":[33.889,-0.524,0]},{"t":74,"s":[50,50,0]}],"ix":2},"a":{"a":0,"k":[-191.752,-179.752,0],"ix":1},"s":{"a":0,"k":[100,100,100],"ix":6}},"ao":0,"shapes":[{"ty":"gr","it":[{"d":1,"ty":"el","s":{"a":0,"k":[160.497,160.497],"ix":2},"p":{"a":0,"k":[0,0],"ix":3},"nm":"Ellipse Path 1","mn":"ADBE Vector Shape - Ellipse","hd":false},{"ty":"fl","c":{"a":0,"k":[0.743616739909,0.427398831237,0.852833168179,1],"ix":4},"o":{"a":0,"k":100,"ix":5},"r":1,"bm":0,"nm":"Fill 1","mn":"ADBE Vector Graphic - Fill","hd":false},{"ty":"tr","p":{"a":0,"k":[-191.752,-179.752],"ix":2},"a":{"a":0,"k":[0,0],"ix":1},"s":{"a":0,"k":[100,100],"ix":3},"r":{"a":0,"k":0,"ix":6},"o":{"a":0,"k":100,"ix":7},"sk":{"a":0,"k":0,"ix":4},"sa":{"a":0,"k":0,"ix":5},"nm":"Transform"}],"nm":"Ellipse 1","np":3,"cix":2,"bm":0,"ix":1,"mn":"ADBE Vector Group","hd":false}],"ip":0,"op":75,"st":0,"bm":0},{"ddd":0,"ind":4,"ty":4,"nm":"Circle 2","parent":1,"sr":1,"ks":{"o":{"a":0,"k":100,"ix":11},"r":{"a":0,"k":109,"ix":10},"p":{"a":1,"k":[{"i":{"x":0.667,"y":1},"o":{"x":0.746,"y":0},"t":0,"s":[50,50,0],"to":[0.325,-34.564,0],"ti":[-0.325,34.564,0]},{"i":{"x":0.667,"y":0.667},"o":{"x":0.333,"y":0.333},"t":20,"s":[51.952,-157.386,0],"to":[0,0,0],"ti":[0,0,0]},{"i":{"x":0.363,"y":1},"o":{"x":0.746,"y":0},"t":58,"s":[51.952,-157.386,0],"to":[-0.325,34.564,0],"ti":[0.325,-34.564,0]},{"t":74,"s":[50,50,0]}],"ix":2},"a":{"a":0,"k":[-191.752,-179.752,0],"ix":1},"s":{"a":0,"k":[100,100,100],"ix":6}},"ao":0,"shapes":[{"ty":"gr","it":[{"d":1,"ty":"el","s":{"a":0,"k":[160.497,160.497],"ix":2},"p":{"a":0,"k":[0,0],"ix":3},"nm":"Ellipse Path 1","mn":"ADBE Vector Shape - Ellipse","hd":false},{"ty":"fl","c":{"a":0,"k":[0.479127532361,0.764959058575,0.910237690047,1],"ix":4},"o":{"a":0,"k":100,"ix":5},"r":1,"bm":0,"nm":"Fill 1","mn":"ADBE Vector Graphic - Fill","hd":false},{"ty":"tr","p":{"a":0,"k":[-191.752,-179.752],"ix":2},"a":{"a":0,"k":[0,0],"ix":1},"s":{"a":0,"k":[100,100],"ix":3},"r":{"a":0,"k":0,"ix":6},"o":{"a":0,"k":100,"ix":7},"sk":{"a":0,"k":0,"ix":4},"sa":{"a":0,"k":0,"ix":5},"nm":"Transform"}],"nm":"Ellipse 1","np":3,"cix":2,"bm":0,"ix":1,"mn":"ADBE Vector Group","hd":false}],"ip":0,"op":75,"st":0,"bm":0},{"ddd":0,"ind":5,"ty":4,"nm":"Circle 1","parent":1,"sr":1,"ks":{"o":{"a":0,"k":100,"ix":11},"r":{"a":0,"k":109,"ix":10},"p":{"a":1,"k":[{"i":{"x":0.667,"y":1},"o":{"x":0.746,"y":0},"t":0,"s":[50,50,0],"to":[0.325,33.135,0],"ti":[-0.325,-33.135,0]},{"i":{"x":0.667,"y":0.667},"o":{"x":0.333,"y":0.333},"t":20,"s":[51.952,248.808,0],"to":[0,0,0],"ti":[0,0,0]},{"i":{"x":0.363,"y":1},"o":{"x":0.746,"y":0},"t":58,"s":[51.952,248.808,0],"to":[-0.325,-33.135,0],"ti":[0.325,33.135,0]},{"t":74,"s":[50,50,0]}],"ix":2},"a":{"a":0,"k":[-191.752,-179.752,0],"ix":1},"s":{"a":0,"k":[100,100,100],"ix":6}},"ao":0,"shapes":[{"ty":"gr","it":[{"d":1,"ty":"el","s":{"a":0,"k":[160.497,160.497],"ix":2},"p":{"a":0,"k":[0,0],"ix":3},"nm":"Ellipse Path 1","mn":"ADBE Vector Shape - Ellipse","hd":false},{"ty":"fl","c":{"a":0,"k":[0.53234576057,0.447684553558,0.912722120098,1],"ix":4},"o":{"a":0,"k":100,"ix":5},"r":1,"bm":0,"nm":"Fill 1","mn":"ADBE Vector Graphic - Fill","hd":false},{"ty":"tr","p":{"a":0,"k":[-191.752,-179.752],"ix":2},"a":{"a":0,"k":[0,0],"ix":1},"s":{"a":0,"k":[100,100],"ix":3},"r":{"a":0,"k":0,"ix":6},"o":{"a":0,"k":100,"ix":7},"sk":{"a":0,"k":0,"ix":4},"sa":{"a":0,"k":0,"ix":5},"nm":"Transform"}],"nm":"Ellipse 1","np":3,"cix":2,"bm":0,"ix":1,"mn":"ADBE Vector Group","hd":false}],"ip":0,"op":75,"st":0,"bm":0}],"markers":[]}