{"v":"5.5.7","meta":{"g":"LottieFiles AE 0.1.20","a":"","k":"","d":"","tc":""},"fr":50,"ip":0,"op":68,"w":400,"h":800,"nm":"flipped","ddd":0,"assets":[{"id":"comp_0","layers":[{"ddd":0,"ind":1,"ty":4,"nm":"headphones","parent":6,"sr":1,"ks":{"o":{"a":0,"k":100,"ix":11},"r":{"a":0,"k":6.877,"ix":10},"p":{"a":0,"k":[515.94,210.961,0],"ix":2},"a":{"a":0,"k":[16.582,-290.235,0],"ix":1},"s":{"a":0,"k":[100,100,100],"ix":6}},"ao":0,"shapes":[{"ty":"gr","it":[{"d":1,"ty":"el","s":{"a":0,"k":[24.75,24.75],"ix":2},"p":{"a":0,"k":[0,0],"ix":3},"nm":"Ellipse Path 1","mn":"ADBE Vector Shape - Ellipse","hd":false},{"ty":"fl","c":{"a":0,"k":[0.898039215686,0.890995818493,0.890995818493,1],"ix":4},"o":{"a":0,"k":100,"ix":5},"r":1,"bm":0,"nm":"Fill 1","mn":"ADBE Vector Graphic - Fill","hd":false},{"ty":"tr","p":{"a":0,"k":[19.125,-267.875],"ix":2},"a":{"a":0,"k":[0,0],"ix":1},"s":{"a":0,"k":[72.843,72.843],"ix":3},"r":{"a":0,"k":0,"ix":6},"o":{"a":0,"k":100,"ix":7},"sk":{"a":0,"k":0,"ix":4},"sa":{"a":0,"k":0,"ix":5},"nm":"Transform"}],"nm":"Ellipse 2","np":3,"cix":2,"bm":0,"ix":1,"mn":"ADBE Vector Group","hd":false},{"ty":"gr","it":[{"d":1,"ty":"el","s":{"a":0,"k":[24.75,24.75],"ix":2},"p":{"a":0,"k":[0,0],"ix":3},"nm":"Ellipse Path 1","mn":"ADBE Vector Shape - Ellipse","hd":false},{"ty":"fl","c":{"a":0,"k":[0.964705882353,0.964705882353,0.964705882353,1],"ix":4},"o":{"a":0,"k":100,"ix":5},"r":1,"bm":0,"nm":"Fill 1","mn":"ADBE Vector Graphic - Fill","hd":false},{"ty":"tr","p":{"a":0,"k":[19.125,-267.875],"ix":2},"a":{"a":0,"k":[0,0],"ix":1},"s":{"a":0,"k":[100,100],"ix":3},"r":{"a":0,"k":0,"ix":6},"o":{"a":0,"k":100,"ix":7},"sk":{"a":0,"k":0,"ix":4},"sa":{"a":0,"k":0,"ix":5},"nm":"Transform"}],"nm":"Ellipse 1","np":3,"cix":2,"bm":0,"ix":2,"mn":"ADBE Vector Group","hd":false},{"ty":"gr","it":[{"ind":0,"ty":"sh","ix":1,"ks":{"a":0,"k":{"i":[[7.548,23.359],[-1.971,-1.678],[-1.288,-9.808],[0,0]],"o":[[-3.837,-11.876],[8.034,6.838],[0.498,3.792],[0,0]],"v":[[85.5,-307.25],[74.525,-313.631],[88.25,-267.25],[94.5,-267]],"c":true},"ix":2},"nm":"Path 1","mn":"ADBE Vector Shape - Group","hd":false},{"ty":"fl","c":{"a":0,"k":[0.964705882353,0.964705882353,0.964705882353,1],"ix":4},"o":{"a":0,"k":100,"ix":5},"r":1,"bm":0,"nm":"Fill 1","mn":"ADBE Vector Graphic - Fill","hd":false},{"ty":"tr","p":{"a":0,"k":[-71.75,-6],"ix":2},"a":{"a":0,"k":[0,0],"ix":1},"s":{"a":0,"k":[100,100],"ix":3},"r":{"a":0,"k":0,"ix":6},"o":{"a":0,"k":100,"ix":7},"sk":{"a":0,"k":0,"ix":4},"sa":{"a":0,"k":0,"ix":5},"nm":"Transform"}],"nm":"Shape 1","np":3,"cix":2,"bm":0,"ix":3,"mn":"ADBE Vector Group","hd":false}],"ip":0,"op":68,"st":0,"bm":0},{"ddd":0,"ind":2,"ty":4,"nm":"arm R upper","parent":5,"sr":1,"ks":{"o":{"a":0,"k":100,"ix":11},"r":{"a":1,"k":[{"i":{"x":[0.667],"y":[1]},"o":{"x":[0.167],"y":[0.167]},"t":0,"s":[26]},{"i":{"x":[0.833],"y":[0.833]},"o":{"x":[0.333],"y":[0]},"t":32,"s":[39]},{"t":67,"s":[26]}],"ix":10},"p":{"a":0,"k":[533.654,307.285,0],"ix":2},"a":{"a":0,"k":[528.701,324.026,0],"ix":1},"s":{"a":0,"k":[100,100,100],"ix":6}},"ao":0,"shapes":[{"ty":"gr","it":[{"ind":0,"ty":"sh","ix":1,"ks":{"a":0,"k":{"i":[[-3.198,-20.558],[-20.323,-19.482],[2.858,3.588],[25.566,18.382]],"o":[[4.684,15.472],[18.433,6.862],[-16.034,-28.293],[-19.924,-12.278]],"v":[[-53.893,-27.916],[-11.13,27.477],[32.242,-3.267],[-14.484,-55.219]],"c":true},"ix":2},"nm":"Path 1","mn":"ADBE Vector Shape - Group","hd":false},{"ty":"fl","c":{"a":0,"k":[0.713725490196,0.713725490196,0.713725490196,1],"ix":4},"o":{"a":0,"k":100,"ix":5},"r":1,"bm":0,"nm":"Fill 1","mn":"ADBE Vector Graphic - Fill","hd":false},{"ty":"tr","p":{"a":0,"k":[568.649,368.274],"ix":2},"a":{"a":0,"k":[0,0],"ix":1},"s":{"a":0,"k":[100,100],"ix":3},"r":{"a":0,"k":0,"ix":6},"o":{"a":0,"k":100,"ix":7},"sk":{"a":0,"k":0,"ix":4},"sa":{"a":0,"k":0,"ix":5},"nm":"Transform"}],"nm":"Group 1","np":2,"cix":2,"bm":0,"ix":1,"mn":"ADBE Vector Group","hd":false}],"ip":0,"op":68,"st":0,"bm":0},{"ddd":0,"ind":3,"ty":4,"nm":"arm R lower","parent":2,"sr":1,"ks":{"o":{"a":0,"k":100,"ix":11},"r":{"a":0,"k":1.07,"ix":10},"p":{"a":0,"k":[581.54,378.105,0],"ix":2},"a":{"a":0,"k":[577.814,369.821,0],"ix":1},"s":{"a":0,"k":[100,100,100],"ix":6}},"ao":0,"shapes":[{"ty":"gr","it":[{"ind":0,"ty":"sh","ix":1,"ks":{"a":0,"k":{"i":[[-4.16,-8.293],[-0.188,-0.467],[0,0],[0,0],[-0.312,-1.275],[0.724,-6.061],[3.738,-4.024],[4.035,-0.082],[0,0],[-2.255,13.947],[0.329,8.681],[0,0],[0.48,0.889],[0,0],[5.976,4.986],[5.271,8.928],[0,0],[-3.387,1.132],[0,0],[-5.279,-7.152]],"o":[[9.761,19.458],[0,0],[0,0],[0.787,1.05],[0,0],[-0.651,5.453],[-2.747,2.956],[-4.458,0.091],[-2.56,-2.08],[4.47,-27.653],[-0.064,-1.678],[0.106,-1.005],[0,0],[0,0],[-7.606,-6.346],[-2.904,-4.919],[-0.198,-3.567],[0,0],[7.561,8.146],[0,0]],"v":[[5.104,-47.649],[30.543,20.714],[34.136,31.904],[40.24,40.045],[41.906,43.57],[44.029,61.76],[37.905,77.057],[26.378,80.758],[13.391,77.556],[11.723,61.497],[5.225,38.849],[7.73,31.149],[4.295,21.969],[-31.36,-28.841],[-49.323,-44.517],[-71.503,-68.895],[-71.861,-85.682],[-45.7,-106.482],[-29.448,-91.537],[-11.835,-72.557]],"c":true},"ix":2},"nm":"Path 1","mn":"ADBE Vector Shape - Group","hd":false},{"ty":"fl","c":{"a":0,"k":[1,0.804000016755,0.6,1],"ix":4},"o":{"a":0,"k":100,"ix":5},"r":1,"bm":0,"nm":"Fill 1","mn":"ADBE Vector Graphic - Fill","hd":false},{"ty":"tr","p":{"a":0,"k":[625.606,453.882],"ix":2},"a":{"a":0,"k":[0,0],"ix":1},"s":{"a":0,"k":[100,100],"ix":3},"r":{"a":0,"k":0,"ix":6},"o":{"a":0,"k":100,"ix":7},"sk":{"a":0,"k":0,"ix":4},"sa":{"a":0,"k":0,"ix":5},"nm":"Transform"}],"nm":"Group 1","np":2,"cix":2,"bm":0,"ix":1,"mn":"ADBE Vector Group","hd":false}],"ip":0,"op":68,"st":0,"bm":0},{"ddd":0,"ind":4,"ty":4,"nm":"phone","parent":2,"sr":1,"ks":{"o":{"a":0,"k":100,"ix":11},"r":{"a":0,"k":-91,"ix":10},"p":{"a":0,"k":[648.012,521.968,0],"ix":2},"a":{"a":0,"k":[166.25,36.5,0],"ix":1},"s":{"a":0,"k":[100,100,100],"ix":6}},"ao":0,"shapes":[{"ty":"gr","it":[{"ty":"rc","d":1,"s":{"a":0,"k":[35.5,64],"ix":2},"p":{"a":0,"k":[0,0],"ix":3},"r":{"a":0,"k":5,"ix":4},"nm":"Rectangle Path 1","mn":"ADBE Vector Shape - Rect","hd":false},{"ty":"fl","c":{"a":0,"k":[0,0,0,1],"ix":4},"o":{"a":0,"k":100,"ix":5},"r":1,"bm":0,"nm":"Fill 1","mn":"ADBE Vector Graphic - Fill","hd":false},{"ty":"tr","p":{"a":0,"k":[166.25,36.5],"ix":2},"a":{"a":0,"k":[0,0],"ix":1},"s":{"a":0,"k":[100,100],"ix":3},"r":{"a":0,"k":0,"ix":6},"o":{"a":0,"k":100,"ix":7},"sk":{"a":0,"k":0,"ix":4},"sa":{"a":0,"k":0,"ix":5},"nm":"Transform"}],"nm":"Rectangle 1","np":3,"cix":2,"bm":0,"ix":1,"mn":"ADBE Vector Group","hd":false}],"ip":0,"op":68,"st":0,"bm":0},{"ddd":0,"ind":5,"ty":4,"nm":"body","sr":1,"ks":{"o":{"a":0,"k":100,"ix":11},"r":{"a":0,"k":2,"ix":10},"p":{"a":1,"k":[{"i":{"x":0.833,"y":0.833},"o":{"x":0.167,"y":0.167},"t":0,"s":[235,310,0],"to":[0,0,0],"ti":[0,0,0]},{"i":{"x":0.833,"y":0.833},"o":{"x":0.167,"y":0.167},"t":16,"s":[235,305,0],"to":[0,0,0],"ti":[0,0,0]},{"i":{"x":0.833,"y":0.833},"o":{"x":0.167,"y":0.167},"t":32,"s":[235,312,0],"to":[0,0,0],"ti":[0,0,0]},{"i":{"x":0.833,"y":0.833},"o":{"x":0.167,"y":0.167},"t":50,"s":[235,305,0],"to":[0,0,0],"ti":[0,0,0]},{"t":67,"s":[235,310,0]}],"ix":2},"a":{"a":0,"k":[535.232,408.313,0],"ix":1},"s":{"a":0,"k":[100,100,100],"ix":6}},"ao":0,"shapes":[{"ty":"gr","it":[{"ind":0,"ty":"sh","ix":1,"ks":{"a":0,"k":{"i":[[0.967,-31.445],[-39.164,0.913],[-14.415,0.781],[-12.445,2.45],[7.997,60.602],[33.701,20.882],[12.568,-4.998],[-3.268,-7.577],[-5.7,-50.984]],"o":[[1.976,69.081],[19.835,-2.066],[18.352,-0.994],[15.599,-3.071],[-7.132,-57.442],[-2.763,-9.409],[-28.332,11.267],[-15.268,21.347],[1.694,31.808]],"v":[[-62.275,49.922],[-39.031,123.315],[0.155,118.545],[52.109,113.742],[59.161,54.95],[5.656,-132.43],[-15.151,-128.489],[-46.34,-111.012],[-65.385,-24.255]],"c":true},"ix":2},"nm":"Path 1","mn":"ADBE Vector Shape - Group","hd":false},{"ty":"fl","c":{"a":0,"k":[0.756862745098,0.756862745098,0.756862745098,1],"ix":4},"o":{"a":0,"k":100,"ix":5},"r":1,"bm":0,"nm":"Fill 1","mn":"ADBE Vector Graphic - Fill","hd":false},{"ty":"tr","p":{"a":0,"k":[546.339,413.603],"ix":2},"a":{"a":0,"k":[0,0],"ix":1},"s":{"a":0,"k":[100,100],"ix":3},"r":{"a":0,"k":0,"ix":6},"o":{"a":0,"k":100,"ix":7},"sk":{"a":0,"k":0,"ix":4},"sa":{"a":0,"k":0,"ix":5},"nm":"Transform"}],"nm":"Group 1","np":2,"cix":2,"bm":0,"ix":1,"mn":"ADBE Vector Group","hd":false}],"ip":0,"op":68,"st":0,"bm":0},{"ddd":0,"ind":6,"ty":4,"nm":"head","parent":5,"sr":1,"ks":{"o":{"a":0,"k":100,"ix":11},"r":{"a":1,"k":[{"i":{"x":[0.833],"y":[0.833]},"o":{"x":[0.333],"y":[0]},"t":0,"s":[6]},{"i":{"x":[0.667],"y":[1]},"o":{"x":[0.167],"y":[0.167]},"t":16,"s":[3]},{"i":{"x":[0.833],"y":[0.833]},"o":{"x":[0.333],"y":[0]},"t":32,"s":[6]},{"i":{"x":[0.667],"y":[1]},"o":{"x":[0.167],"y":[0.167]},"t":50,"s":[3]},{"t":67,"s":[6]}],"ix":10},"p":{"a":0,"k":[520.405,278.821,0],"ix":2},"a":{"a":0,"k":[520.173,279.565,0],"ix":1},"s":{"a":0,"k":[100,100,100],"ix":6}},"ao":0,"shapes":[{"ty":"gr","it":[{"ind":0,"ty":"sh","ix":1,"ks":{"a":0,"k":{"i":[[4.501,2.705],[0,0],[0,0],[0.501,1.552],[0.547,0.448],[0,0],[-0.868,-2.08],[0,0],[0,0],[-3.051,-0.889],[-5.732,0.614],[-9.869,-0.079],[-8.458,-1.037]],"o":[[-12.365,-7.429],[0,0],[0,0],[-0.397,-1.23],[-0.547,-0.448],[0,0],[-1.178,-0.802],[0,0],[0,0],[5.535,1.613],[9.011,-0.966],[5.752,0.046],[4.475,0.549]],"v":[[527.729,179.94],[495.514,175.63],[476.46,180.429],[473.014,176.754],[472.007,180.498],[470.19,177.414],[470.577,182.526],[467.952,180.151],[470.274,188.901],[476.136,195.973],[493.696,195.724],[517.875,193.804],[539.81,195.814]],"c":true},"ix":2},"nm":"Path 1","mn":"ADBE Vector Shape - Group","hd":false},{"ty":"fl","c":{"a":0,"k":[0.047058827269,0.039215686275,0.039215686275,1],"ix":4},"o":{"a":0,"k":100,"ix":5},"r":1,"bm":0,"nm":"Fill 1","mn":"ADBE Vector Graphic - Fill","hd":false},{"ty":"tr","p":{"a":0,"k":[3.583,4.415],"ix":2},"a":{"a":0,"k":[0,0],"ix":1},"s":{"a":0,"k":[100,100],"ix":3},"r":{"a":0,"k":0,"ix":6},"o":{"a":0,"k":100,"ix":7},"sk":{"a":0,"k":0,"ix":4},"sa":{"a":0,"k":0,"ix":5},"nm":"Transform"}],"nm":"Shape 1","np":3,"cix":2,"bm":0,"ix":1,"mn":"ADBE Vector Group","hd":false},{"ty":"gr","it":[{"ty":"gr","it":[{"ind":0,"ty":"sh","ix":1,"ks":{"a":0,"k":{"i":[[2.837,-7.915],[-14.098,1.52],[-0.562,-0.449],[-2.376,-2.123],[-0.176,-0.156],[0.669,-10.539],[-3.835,0.112],[-0.36,1.26],[-6.224,-7.615],[2.046,-7.653],[-6.535,0.078],[-2.354,-0.163],[-0.987,0.931],[-0.362,2.397],[0,19.37],[0.09,0.26],[33.851,-1.723]],"o":[[-2.03,5.663],[0.715,-0.076],[2.817,2.253],[0.175,0.156],[4.035,3.577],[-0.213,3.329],[1.31,-0.039],[2.423,-8.467],[4.038,4.94],[-0.708,2.653],[3.754,-0.044],[4.253,0.294],[0.71,-0.671],[1.254,-8.289],[0,-5.143],[-7.623,-22.041],[-0.101,0.005]],"v":[[-33.121,-29.521],[-20.16,-19.833],[-18.128,-19.328],[-19.781,-7.775],[-15.212,-3.742],[-11.328,8.738],[-7.965,16.065],[-5.55,11.134],[10.117,5.191],[8.098,21.906],[11.404,39.354],[20.496,39.636],[27.935,39.293],[28.344,34.91],[38.878,-0.87],[36.843,-13.359],[-12.281,-39.722]],"c":true},"ix":2},"nm":"Path 2","mn":"ADBE Vector Shape - Group","hd":false},{"ty":"tr","p":{"a":0,"k":[0,0],"ix":2},"a":{"a":0,"k":[0,0],"ix":1},"s":{"a":0,"k":[100,100],"ix":3},"r":{"a":0,"k":0,"ix":6},"o":{"a":0,"k":100,"ix":7},"sk":{"a":0,"k":0,"ix":4},"sa":{"a":0,"k":0,"ix":5},"nm":"Transform"}],"nm":"Group 1","np":1,"cix":2,"bm":0,"ix":1,"mn":"ADBE Vector Group","hd":false},{"ty":"gf","o":{"a":0,"k":100,"ix":10},"r":1,"bm":0,"g":{"p":3,"k":{"a":0,"k":[0,0.047,0.038,0.038,0.555,0.524,0.421,0.319,1,1,0.804,0.6],"ix":9}},"s":{"a":0,"k":[10.5,-27],"ix":5},"e":{"a":0,"k":[-3,32.5],"ix":6},"t":1,"nm":"Gradient Fill 1","mn":"ADBE Vector Graphic - G-Fill","hd":false},{"ty":"tr","p":{"a":0,"k":[510.555,220.503],"ix":2},"a":{"a":0,"k":[0,0],"ix":1},"s":{"a":0,"k":[100,100],"ix":3},"r":{"a":0,"k":0,"ix":6},"o":{"a":0,"k":100,"ix":7},"sk":{"a":0,"k":0,"ix":4},"sa":{"a":0,"k":0,"ix":5},"nm":"Transform"}],"nm":"Group 1","np":2,"cix":2,"bm":0,"ix":2,"mn":"ADBE Vector Group","hd":false},{"ty":"gr","it":[{"ind":0,"ty":"sh","ix":1,"ks":{"a":0,"k":{"i":[[0.241,-0.024],[0,0],[1.819,0.885],[0.595,1.377],[-0.621,3.987],[-0.568,0.766],[0,0],[0.621,1.076],[-0.488,0.289],[0,0],[0.311,0.138],[0.496,0.172],[-0.213,0.643],[0.038,0.057],[1.24,0.102],[-1.303,2.381],[0,0],[0,0],[1.281,2.237],[0,1.057],[-0.437,0.857],[0,0],[0,0],[-0.229,-0.262],[0,0],[0.132,-1.06],[0,0],[0.247,-0.431],[0,0],[-0.142,-0.852],[0,0],[0,0],[1.961,-0.793],[0,0],[0.769,1.279],[0.052,3.677]],"o":[[0,0],[-1.982,-0.405],[-1.846,-0.898],[0,0],[0.147,-0.942],[0,0],[0.433,-0.529],[-0.284,-0.492],[0,0],[0.293,-0.173],[-0.404,-0.179],[-0.64,-0.222],[0.485,-1.457],[-0.69,-1.027],[-2.706,-0.222],[0,0],[0,0],[0.925,-2.406],[0,0],[0,-1.895],[0,0],[0.408,-1.332],[0.232,-0.022],[0,0],[0.704,0.804],[0,0],[-0.061,0.493],[0,0],[-0.428,0.749],[0,0],[0.05,0.308],[0.852,1.935],[0,0],[-1.383,0.56],[0,0],[-0.004,-0.274]],"v":[[-13.941,36.581],[-24.483,35.78],[-30.206,33.841],[-33.975,31.132],[-34.27,24.802],[-33.163,22.201],[-32.294,21.03],[-33.587,18.005],[-33.209,16.597],[-32.09,15.936],[-32.131,15.194],[-33.592,14.667],[-34.363,13.113],[-33.078,9.055],[-37.171,7.89],[-40.154,2.354],[-32.247,-12.827],[-32.243,-12.837],[-32.89,-21.279],[-34.291,-24.124],[-32.89,-29.633],[-26.519,-44.748],[4.305,-52.619],[35.794,-41.712],[40.57,-31.876],[41.325,-17.453],[39.609,-4.068],[34.977,5.173],[32.265,13.953],[31.822,16.429],[32.968,23.303],[36.778,32.251],[39.134,41.607],[-0.236,58.699],[-6.216,49.263],[-10.811,43.224]],"c":true},"ix":2},"nm":"Path 1","mn":"ADBE Vector Shape - Group","hd":false},{"ty":"fl","c":{"a":0,"k":[1,0.804000016755,0.6,1],"ix":4},"o":{"a":0,"k":100,"ix":5},"r":1,"bm":0,"nm":"Fill 1","mn":"ADBE Vector Graphic - Fill","hd":false},{"ty":"tr","p":{"a":0,"k":[506.635,241.46],"ix":2},"a":{"a":0,"k":[0,0],"ix":1},"s":{"a":0,"k":[100,100],"ix":3},"r":{"a":0,"k":0,"ix":6},"o":{"a":0,"k":100,"ix":7},"sk":{"a":0,"k":0,"ix":4},"sa":{"a":0,"k":0,"ix":5},"nm":"Transform"}],"nm":"Group 2","np":2,"cix":2,"bm":0,"ix":3,"mn":"ADBE Vector Group","hd":false}],"ip":0,"op":68,"st":0,"bm":0},{"ddd":0,"ind":7,"ty":4,"nm":"shoe L","parent":9,"sr":1,"ks":{"o":{"a":0,"k":100,"ix":11},"r":{"a":1,"k":[{"i":{"x":[0.833],"y":[0.833]},"o":{"x":[0.333],"y":[0]},"t":0,"s":[-4]},{"i":{"x":[0.667],"y":[1]},"o":{"x":[0.167],"y":[0.167]},"t":16,"s":[-3.368]},{"i":{"x":[0.833],"y":[0.833]},"o":{"x":[0.333],"y":[0]},"t":32,"s":[-2.368]},{"i":{"x":[0.667],"y":[1]},"o":{"x":[0.167],"y":[0.167]},"t":50,"s":[-10]},{"t":67,"s":[-4]}],"ix":10},"p":{"a":0,"k":[628.111,808.298,0],"ix":2},"a":{"a":0,"k":[627.215,804.459,0],"ix":1},"s":{"a":0,"k":[100,100,100],"ix":6}},"ao":0,"shapes":[{"ty":"gr","it":[{"ind":0,"ty":"sh","ix":1,"ks":{"a":0,"k":{"i":[[-0.763,-0.007],[0,0],[0.932,-0.085],[0,0],[0,0],[0.963,-0.284],[0,0],[0.286,-0.035],[0,0],[0,0],[5.841,0.342],[0.119,-0.01],[-0.002,-0.026],[0,0],[0.001,0.013],[-0.024,0.015],[-0.105,0.007],[-0.171,-0.001],[0,0],[0,0],[0,0],[-0.269,0.099],[0,0],[-1.241,-0.019],[-0.444,0.034],[0,0]],"o":[[0,0],[-0.743,0.069],[0,0],[-0.443,0.034],[-0.986,-0.187],[0,0],[-0.269,0.1],[0,0],[0,0],[0,0],[-0.171,0],[-0.104,0.007],[0,0],[0.02,0.091],[-0.002,-0.026],[0.049,-0.057],[0.117,-0.009],[5.842,0.342],[0,0],[0,0],[0.286,-0.034],[0,0],[0.963,-0.283],[0,0],[0,0],[0.483,-0.037]],"v":[[45.363,-4.96],[45.413,-3.607],[43.424,-3.272],[29.074,-2.085],[24.298,-1.721],[18.411,-1.101],[13.133,0.076],[7.953,1.01],[-12.244,3.325],[-26.788,4.369],[-38.058,4.625],[-44.403,3.889],[-45.031,4.081],[-45.03,4.094],[-45.411,2.705],[-45.366,2.623],[-44.796,2.514],[-38.439,3.25],[-27.169,2.993],[-12.625,1.949],[7.572,-0.366],[12.752,-1.299],[18.031,-2.477],[23.917,-3.097],[28.694,-3.461],[43.043,-4.648]],"c":true},"ix":2},"nm":"Path 1","mn":"ADBE Vector Shape - Group","hd":false},{"ty":"fl","c":{"a":0,"k":[0.109999997008,0.081999999402,0.081999999402,1],"ix":4},"o":{"a":0,"k":100,"ix":5},"r":1,"bm":0,"nm":"Fill 1","mn":"ADBE Vector Graphic - Fill","hd":false},{"ty":"tr","p":{"a":0,"k":[605.164,841.157],"ix":2},"a":{"a":0,"k":[0,0],"ix":1},"s":{"a":0,"k":[100,100],"ix":3},"r":{"a":0,"k":0,"ix":6},"o":{"a":0,"k":100,"ix":7},"sk":{"a":0,"k":0,"ix":4},"sa":{"a":0,"k":0,"ix":5},"nm":"Transform"}],"nm":"Group 1","np":2,"cix":2,"bm":0,"ix":1,"mn":"ADBE Vector Group","hd":false},{"ty":"gr","it":[{"ind":0,"ty":"sh","ix":1,"ks":{"a":0,"k":{"i":[[-0.762,-0.008],[0,0],[0,0],[0.842,-0.144],[0.884,-0.108],[0,0],[0,0],[1.371,0.079],[0.133,0.541],[0.001,0.012],[1.13,-0.677],[0,0],[2.635,-0.228],[0,0],[0,0],[0,0],[0,0],[0,0],[0,0],[0,0],[0,0],[0,0],[0,0],[1.413,-0.068],[0.328,0.001],[0,0],[0.526,0.013],[0.264,0.006],[0,0],[0.08,0.02],[1.223,0.208],[0.334,0.08],[0.35,0.118],[0.163,0.066],[0.054,0.009],[0.164,0.079],[0.355,1.036],[0.23,1.124],[0.016,0.038],[0.118,0.516],[0,0],[-0.025,0.014],[-0.104,0.009],[-0.171,0],[0,0],[0,0],[0,0],[-0.268,0.099],[0,0],[-0.985,-0.188],[-0.445,0.033],[0,0]],"o":[[0,0],[0,0],[0.038,0.851],[-2.619,0.435],[-1.248,0.16],[0,0],[-0.613,0.047],[-0.553,-0.024],[-0.215,-0.928],[-0.485,-1.893],[0,0],[-2.547,1.375],[0,0],[0,0],[0,0],[0,0],[0,0],[0,0],[0,0],[0,0],[0,0],[0,0],[-0.275,0.021],[-0.288,0.009],[0,0],[-0.471,0.009],[-0.251,-0.019],[0,0],[-0.079,-0.007],[-1.212,-0.052],[-0.373,-0.05],[-0.388,-0.088],[-0.175,-0.051],[-0.027,-0.012],[-0.067,-0.034],[-0.734,-0.338],[-0.442,-1.318],[-0.016,-0.038],[0,0],[0,0],[-0.002,-0.027],[0.049,-0.057],[0.117,-0.009],[5.842,0.341],[0,0],[0,0],[0.287,-0.035],[0,0],[0.963,-0.284],[0,0],[0,0],[0.484,-0.037]],"v":[[45.314,-8.122],[45.528,-1.535],[45.57,-0.476],[44.166,1.26],[36.869,2.316],[34.281,2.631],[27.878,3.198],[23.613,3.55],[22.475,2.573],[21.922,0.148],[20.028,-0.076],[16.481,2.808],[8.898,4.423],[8.703,4.438],[6.395,4.653],[1.272,5.123],[-1.269,5.369],[-5.153,5.732],[-7.76,5.97],[-11.735,6.352],[-14.303,6.587],[-27.95,7.864],[-28.588,7.926],[-31.307,8.081],[-32.238,8.1],[-32.329,8.107],[-33.851,8.117],[-34.602,8.083],[-34.641,8.086],[-34.878,8.065],[-38.582,7.691],[-39.648,7.496],[-40.76,7.2],[-41.258,7.042],[-41.366,7.011],[-41.733,6.842],[-44.216,4.747],[-44.886,2.501],[-44.908,2.385],[-45.605,-0.385],[-45.606,-0.397],[-45.555,-0.478],[-44.982,-0.589],[-38.633,0.147],[-27.364,-0.109],[-12.82,-1.153],[7.377,-3.469],[12.557,-4.402],[17.836,-5.579],[23.722,-6.199],[28.5,-6.563],[42.848,-7.75]],"c":true},"ix":2},"nm":"Path 1","mn":"ADBE Vector Shape - Group","hd":false},{"ty":"fl","c":{"a":0,"k":[0.156999999402,0.102000000898,0.081999999402,1],"ix":4},"o":{"a":0,"k":100,"ix":5},"r":1,"bm":0,"nm":"Fill 1","mn":"ADBE Vector Graphic - Fill","hd":false},{"ty":"tr","p":{"a":0,"k":[605.219,844.322],"ix":2},"a":{"a":0,"k":[0,0],"ix":1},"s":{"a":0,"k":[100,100],"ix":3},"r":{"a":0,"k":0,"ix":6},"o":{"a":0,"k":100,"ix":7},"sk":{"a":0,"k":0,"ix":4},"sa":{"a":0,"k":0,"ix":5},"nm":"Transform"}],"nm":"Group 18","np":2,"cix":2,"bm":0,"ix":2,"mn":"ADBE Vector Group","hd":false},{"ty":"gr","it":[{"ind":0,"ty":"sh","ix":1,"ks":{"a":0,"k":{"i":[[0,0],[-0.244,-0.661],[-0.014,-0.013],[-0.094,-0.089],[-0.822,0.079],[0,0],[-1.129,1.123],[0,0],[0.04,0.445],[0,0],[0,0],[0,0],[0.002,0.078],[0.047,0.26],[0,0],[0,0],[1.175,-0.104],[0,0],[5.062,-0.215],[0,0],[0,0],[0,0],[0,0],[5.947,-2.495],[0,0],[0.209,-0.007],[0,0],[-0.324,-3.538],[-0.023,-0.274],[-0.001,-0.013],[-0.001,-0.013],[0.301,0.016],[0,-0.027],[0,0],[0,0],[-0.014,-0.039],[-0.357,-0.932],[-0.057,-0.141],[-0.001,-0.039],[0,0],[-0.532,-0.284],[-0.08,-0.037],[-0.026,-0.013],[-0.172,-0.047],[-0.382,-0.08],[-0.368,-0.053],[-1.206,-0.053],[-0.078,-0.011],[0,0],[-0.249,-0.018],[-0.471,0.015],[0,0],[-0.288,0.01],[-0.274,0.022],[0,0],[0,0],[0,0],[0,0],[0,0],[0,0],[0,0],[0,0],[0,0],[0,0],[0,0],[-2.082,2.043],[0,0],[-0.461,0.343],[0,0],[-0.728,-1.038],[-0.014,-0.012],[-0.015,-0.039]],"o":[[0.288,0.816],[0,0.012],[0.082,0.089],[0.583,0.61],[0,0],[1.397,-0.123],[0,0],[0.292,-0.297],[0,0],[0,0],[0,0],[-0.002,-0.078],[-0.195,-1.186],[0,0],[0,0],[-0.034,-0.273],[0,0],[-5.824,1.746],[0,0],[0,0],[0,0],[0,0],[-2.732,6.256],[0,0],[0,0],[-9.626,0.807],[-1.586,3.181],[0.141,1.554],[0,0.014],[0,0.013],[-0.024,0.093],[-0.026,0.013],[0,0],[0.121,0.52],[0.014,0.039],[0.116,0.35],[0.071,0.141],[0.014,0.039],[0,0],[0.651,0.7],[0.16,0.087],[0.053,0.011],[0.16,0.06],[0.357,0.119],[0.344,0.08],[1.225,0.209],[0.08,0.01],[0,0],[0.262,0.005],[0.524,0.01],[0,0],[0.328,0.003],[1.412,-0.071],[0,0],[0,0],[0,0],[0,0],[0,0],[0,0],[0,0],[0,0],[0,0],[0,0],[0,0],[2.716,-0.244],[0,0],[0.46,-0.354],[0,0],[1.105,-0.638],[0.014,0.026],[0.013,0.013],[0,0]],"v":[[24.825,20.339],[25.703,22.813],[25.716,22.838],[25.974,23.118],[28.162,23.978],[39.875,22.92],[45.487,21.483],[45.5,21.469],[45.909,20.369],[45.886,19.637],[45.661,13.043],[45.475,7.287],[45.456,7.066],[43.594,-5.237],[43.466,-5.993],[41.238,-18.625],[39.943,-29.19],[29.536,-27.036],[14.938,-25.703],[5.724,-25.918],[5.411,-25.921],[5.385,-25.867],[0.026,-12.481],[-10.563,-3.221],[-18.661,-0.944],[-31.546,2.244],[-44.364,9.701],[-44.911,17.511],[-44.628,20.579],[-44.628,20.606],[-44.627,20.632],[-45.201,20.69],[-45.252,20.77],[-45.25,20.783],[-44.56,23.55],[-44.529,23.667],[-43.646,25.931],[-43.461,26.369],[-43.432,26.474],[-43.417,26.486],[-41.378,28.005],[-41.005,28.177],[-40.901,28.213],[-40.411,28.367],[-39.302,28.659],[-38.234,28.86],[-34.529,29.239],[-34.292,29.258],[-34.253,29.256],[-33.492,29.284],[-31.974,29.275],[-31.883,29.272],[-30.953,29.255],[-28.234,29.089],[-27.594,29.029],[-25.088,28.805],[-20.844,28.42],[-18.193,28.177],[-13.976,27.793],[-11.351,27.565],[-7.419,27.202],[-4.783,26.961],[-0.943,26.614],[1.669,26.374],[9.125,25.702],[16.475,22.193],[19.268,19.443],[20.638,18.404],[21.164,18.1],[24.255,18.943],[24.297,18.994],[24.339,19.071]],"c":true},"ix":2},"nm":"Path 1","mn":"ADBE Vector Shape - Group","hd":false},{"ty":"fl","c":{"a":0,"k":[0.482352941176,0.298039215686,0.121568627451,1],"ix":4},"o":{"a":0,"k":100,"ix":5},"r":1,"bm":0,"nm":"Fill 1","mn":"ADBE Vector Graphic - Fill","hd":false},{"ty":"tr","p":{"a":0,"k":[604.866,823.154],"ix":2},"a":{"a":0,"k":[0,0],"ix":1},"s":{"a":0,"k":[100,100],"ix":3},"r":{"a":0,"k":0,"ix":6},"o":{"a":0,"k":100,"ix":7},"sk":{"a":0,"k":0,"ix":4},"sa":{"a":0,"k":0,"ix":5},"nm":"Transform"}],"nm":"Group 24","np":2,"cix":2,"bm":0,"ix":3,"mn":"ADBE Vector Group","hd":false}],"ip":0,"op":68,"st":0,"bm":0},{"ddd":0,"ind":8,"ty":4,"nm":"leg L upper","parent":5,"sr":1,"ks":{"o":{"a":0,"k":100,"ix":11},"r":{"a":1,"k":[{"i":{"x":[0.667],"y":[1]},"o":{"x":[0.333],"y":[0]},"t":0,"s":[0]},{"i":{"x":[0.667],"y":[1]},"o":{"x":[0.333],"y":[0]},"t":32,"s":[40]},{"t":67,"s":[0]}],"ix":10},"p":{"a":0,"k":[548.696,520.373,0],"ix":2},"a":{"a":0,"k":[548.463,520.116,0],"ix":1},"s":{"a":0,"k":[100,100,100],"ix":6}},"ao":0,"shapes":[{"ty":"gr","it":[{"ind":0,"ty":"sh","ix":1,"ks":{"a":0,"k":{"i":[[0,0],[0,0],[3.686,-4.007],[2.21,-1.533],[0.108,-0.012],[0,0],[2.826,8.722],[0,0],[0,0],[0,0],[0,0],[-9.629,10.953],[0,0],[-7.963,0.701],[-14.425,-6.091],[-2.619,-10.197],[-1.299,-18.512],[0,0],[0,0],[0,0],[-1.061,-2.72],[0,0]],"o":[[0,0],[1.186,4.287],[0,0],[-5.995,4.159],[0,0],[-4.21,-2.77],[0,0],[0,0],[0,0],[0,0],[1.482,-11.736],[0,0],[21.157,-12.821],[0,0],[0,0],[0,0],[0.444,6.323],[0,0],[0,0],[0,0],[0,0],[0,0]],"v":[[55.158,64.834],[58.883,78.288],[57.375,98.248],[53.208,105.301],[23.076,108.186],[7.804,103.766],[-4.3,84.194],[-21.641,42.313],[-48.246,-9.296],[-70.467,-49.648],[-73.723,-66.388],[-62.852,-89.321],[-44.683,-101.345],[-10.648,-116.275],[17.986,-112.053],[34.75,-100.495],[42.818,-70.355],[39.184,-49.64],[38.707,-32.378],[40.559,4.611],[45.354,33.979],[54.817,63.813]],"c":true},"ix":2},"nm":"Path 1","mn":"ADBE Vector Shape - Group","hd":false},{"ty":"fl","c":{"a":0,"k":[0.113294885673,0.160875986137,0.207843137255,1],"ix":4},"o":{"a":0,"k":100,"ix":5},"r":1,"bm":0,"nm":"Fill 1","mn":"ADBE Vector Graphic - Fill","hd":false},{"ty":"tr","p":{"a":0,"k":[565.981,593.925],"ix":2},"a":{"a":0,"k":[0,0],"ix":1},"s":{"a":0,"k":[100,100],"ix":3},"r":{"a":0,"k":0,"ix":6},"o":{"a":0,"k":100,"ix":7},"sk":{"a":0,"k":0,"ix":4},"sa":{"a":0,"k":0,"ix":5},"nm":"Transform"}],"nm":"Group 1","np":2,"cix":2,"bm":0,"ix":1,"mn":"ADBE Vector Group","hd":false}],"ip":0,"op":68,"st":0,"bm":0},{"ddd":0,"ind":9,"ty":4,"nm":"leg L lower","parent":8,"sr":1,"ks":{"o":{"a":0,"k":100,"ix":11},"r":{"a":1,"k":[{"i":{"x":[0.833],"y":[0.833]},"o":{"x":[0.333],"y":[0]},"t":0,"s":[3.1]},{"i":{"x":[0.667],"y":[1]},"o":{"x":[0.167],"y":[0.167]},"t":16,"s":[-34.9]},{"i":{"x":[0.667],"y":[1]},"o":{"x":[0.333],"y":[0]},"t":32,"s":[-12.9]},{"t":67,"s":[3.1]}],"ix":10},"p":{"a":0,"k":[591.215,672.693,0],"ix":2},"a":{"a":0,"k":[589.047,668.591,0],"ix":1},"s":{"a":0,"k":[100,100,100],"ix":6}},"ao":0,"shapes":[{"ty":"gr","it":[{"ind":0,"ty":"sh","ix":1,"ks":{"a":0,"k":{"i":[[0.03,-0.993],[5.155,-0.677],[10.643,3.789],[0,0],[0,0],[0,0],[0,0],[0,0],[-1.972,4.097],[-4.887,0.618],[0,0],[0,0],[-2.582,-1.843],[-0.824,-2.504],[0,0],[0,0],[0,0]],"o":[[0,0],[-22.04,2.896],[-4.328,-1.541],[0,0],[0,0],[0,0],[0,0],[-3.007,-11.208],[2.137,-4.438],[0,0],[0,0],[3.147,-0.388],[2.147,1.532],[0,0],[0,0],[0,0],[0.2,0.974]],"v":[[40.254,40.045],[34.511,77.006],[10.761,78.208],[-1.509,51.591],[-7.944,32.967],[-15.999,9.374],[-33.953,-29.638],[-43.396,-47.625],[-44.166,-65.295],[-28.603,-76.964],[-12.673,-80.147],[1.286,-77.961],[10.775,-71.563],[15.348,-65.35],[26.724,-30.802],[35.541,2.978],[39.997,37.085]],"c":true},"ix":2},"nm":"Path 1","mn":"ADBE Vector Shape - Group","hd":false},{"ty":"fl","c":{"a":0,"k":[0.113725490196,0.160784313725,0.207843137255,1],"ix":4},"o":{"a":0,"k":100,"ix":5},"r":1,"bm":0,"nm":"Fill 1","mn":"ADBE Vector Graphic - Fill","hd":false},{"ty":"tr","p":{"a":0,"k":[605.52,727.981],"ix":2},"a":{"a":0,"k":[0,0],"ix":1},"s":{"a":0,"k":[100,100],"ix":3},"r":{"a":0,"k":0,"ix":6},"o":{"a":0,"k":100,"ix":7},"sk":{"a":0,"k":0,"ix":4},"sa":{"a":0,"k":0,"ix":5},"nm":"Transform"}],"nm":"Group 2","np":2,"cix":2,"bm":0,"ix":1,"mn":"ADBE Vector Group","hd":false}],"ip":0,"op":68,"st":0,"bm":0},{"ddd":0,"ind":10,"ty":4,"nm":"shoe R","parent":12,"sr":1,"ks":{"o":{"a":0,"k":100,"ix":11},"r":{"a":1,"k":[{"i":{"x":[0.833],"y":[0.833]},"o":{"x":[0.333],"y":[0]},"t":0,"s":[3]},{"i":{"x":[0.667],"y":[1]},"o":{"x":[0.167],"y":[0.167]},"t":16,"s":[0]},{"i":{"x":[0.833],"y":[0.833]},"o":{"x":[0.333],"y":[0]},"t":32,"s":[9.141]},{"i":{"x":[0.65],"y":[0.898]},"o":{"x":[0.167],"y":[0.198]},"t":50,"s":[-1.859]},{"t":67,"s":[6]}],"ix":10},"p":{"a":0,"k":[419.371,803.183,0],"ix":2},"a":{"a":0,"k":[420.212,802.386,0],"ix":1},"s":{"a":0,"k":[100,100,100],"ix":6}},"ao":0,"shapes":[{"ty":"gr","it":[{"ind":0,"ty":"sh","ix":1,"ks":{"a":0,"k":{"i":[[-0.66,-0.381],[0,0],[0.855,0.383],[0,0],[0,0],[0.977,0.227],[0,0],[0.266,0.11],[0,0],[0,0],[4.918,3.17],[0.107,0.051],[0.011,-0.025],[0,0],[-0.005,0.012],[-0.029,0.001],[-0.094,-0.045],[-0.148,-0.084],[0,0],[0,0],[0,0],[-0.283,-0.045],[0,0],[-1.071,-0.627],[-0.403,-0.188],[0,0]],"o":[[0,0],[-0.681,-0.305],[0,0],[-0.403,-0.189],[-0.767,-0.648],[0,0],[-0.282,-0.046],[0,0],[0,0],[0,0],[-0.148,-0.084],[-0.094,-0.043],[0,0],[-0.027,0.087],[0.011,-0.023],[0.07,-0.025],[0.107,0.05],[4.918,3.17],[0,0],[0,0],[0.267,0.109],[0,0],[0.979,0.226],[0,0],[0,0],[0.438,0.205]],"v":[[41.594,18.417],[40.973,19.619],[39.075,18.934],[25.997,12.911],[21.659,10.879],[16.229,8.524],[11.053,6.954],[6.084,5.22],[-12.641,-2.695],[-25.819,-8.938],[-35.758,-14.257],[-40.92,-18.019],[-41.562,-18.159],[-41.567,-18.147],[-41.217,-19.545],[-41.136,-19.594],[-40.587,-19.408],[-35.413,-15.642],[-25.474,-10.323],[-12.296,-4.08],[6.428,3.835],[11.398,5.568],[16.573,7.14],[22.004,9.494],[26.342,11.525],[39.421,17.549]],"c":true},"ix":2},"nm":"Path 1","mn":"ADBE Vector Shape - Group","hd":false},{"ty":"fl","c":{"a":0,"k":[0.109999997008,0.081999999402,0.081999999402,1],"ix":4},"o":{"a":0,"k":100,"ix":5},"r":1,"bm":0,"nm":"Fill 1","mn":"ADBE Vector Graphic - Fill","hd":false},{"ty":"tr","p":{"a":0,"k":[384.509,824.813],"ix":2},"a":{"a":0,"k":[0,0],"ix":1},"s":{"a":0,"k":[100,100],"ix":3},"r":{"a":0,"k":0,"ix":6},"o":{"a":0,"k":100,"ix":7},"sk":{"a":0,"k":0,"ix":4},"sa":{"a":0,"k":0,"ix":5},"nm":"Transform"}],"nm":"Group 1","np":2,"cix":2,"bm":0,"ix":1,"mn":"ADBE Vector Group","hd":false},{"ty":"gr","it":[{"ind":0,"ty":"sh","ix":1,"ks":{"a":0,"k":{"i":[[-0.66,-0.382],[0,0],[0,0],[0.804,0.29],[0.823,0.341],[0,0],[0,0],[1.155,0.744],[-0.15,0.537],[-0.005,0.012],[1.317,-0.034],[0,0],[2.406,1.097],[0,0],[0,0],[0,0],[0,0],[0,0],[0,0],[0,0],[0,0],[0,0],[0,0],[1.264,0.635],[0.285,0.163],[0,0],[0.451,0.269],[0.226,0.135],[0,0],[0.06,0.058],[0.963,0.783],[0.252,0.235],[0.247,0.274],[0.109,0.137],[0.042,0.034],[0.103,0.149],[-0.2,1.076],[-0.352,1.092],[-0.004,0.041],[-0.151,0.507],[0,0],[-0.029,0.001],[-0.095,-0.045],[-0.148,-0.084],[0,0],[0,0],[0,0],[-0.282,-0.045],[0,0],[-0.766,-0.648],[-0.403,-0.189],[0,0]],"o":[[0,0],[0,0],[-0.384,0.76],[-2.494,-0.908],[-1.166,-0.474],[0,0],[-0.557,-0.261],[-0.47,-0.292],[0.269,-0.915],[0.508,-1.886],[0,0],[-2.894,-0.054],[0,0],[0,0],[0,0],[0,0],[0,0],[0,0],[0,0],[0,0],[0,0],[0,0],[-0.249,-0.116],[-0.254,-0.134],[0,0],[-0.415,-0.223],[-0.209,-0.141],[0,0],[-0.065,-0.045],[-1.029,-0.64],[-0.299,-0.227],[-0.294,-0.267],[-0.126,-0.132],[-0.018,-0.023],[-0.043,-0.063],[-0.474,-0.656],[0.264,-1.366],[0.005,-0.042],[0,0],[0,0],[0.011,-0.024],[0.07,-0.026],[0.106,0.05],[4.919,3.17],[0,0],[0,0],[0.266,0.111],[0,0],[0.978,0.227],[0,0],[0,0],[0.438,0.205]],"v":[[42.243,15.08],[39.19,20.919],[38.705,21.862],[36.63,22.684],[29.757,20.016],[27.348,19.018],[21.494,16.362],[17.607,14.57],[17.097,13.161],[17.808,10.778],[16.268,9.651],[11.762,10.418],[4.365,8.096],[4.188,8.013],[2.073,7.065],[-2.618,4.956],[-4.953,3.92],[-8.513,2.326],[-10.901,1.252],[-14.549,-0.37],[-16.902,-1.429],[-29.413,-7.026],[-29.999,-7.286],[-32.443,-8.488],[-33.262,-8.93],[-33.345,-8.969],[-34.674,-9.707],[-35.312,-10.107],[-35.348,-10.123],[-35.545,-10.259],[-38.586,-12.406],[-39.418,-13.099],[-40.241,-13.903],[-40.596,-14.286],[-40.674,-14.367],[-40.911,-14.693],[-42.044,-17.738],[-41.523,-20.024],[-41.484,-20.136],[-40.73,-22.891],[-40.724,-22.903],[-40.64,-22.948],[-40.087,-22.761],[-34.921,-19],[-24.98,-13.681],[-11.804,-7.438],[6.921,0.477],[11.89,2.211],[17.066,3.781],[22.496,6.137],[26.835,8.168],[39.913,14.19]],"c":true},"ix":2},"nm":"Path 1","mn":"ADBE Vector Shape - Group","hd":false},{"ty":"fl","c":{"a":0,"k":[0.156999999402,0.102000000898,0.081999999402,1],"ix":4},"o":{"a":0,"k":100,"ix":5},"r":1,"bm":0,"nm":"Fill 1","mn":"ADBE Vector Graphic - Fill","hd":false},{"ty":"tr","p":{"a":0,"k":[383.864,828.157],"ix":2},"a":{"a":0,"k":[0,0],"ix":1},"s":{"a":0,"k":[100,100],"ix":3},"r":{"a":0,"k":0,"ix":6},"o":{"a":0,"k":100,"ix":7},"sk":{"a":0,"k":0,"ix":4},"sa":{"a":0,"k":0,"ix":5},"nm":"Transform"}],"nm":"Group 14","np":2,"cix":2,"bm":0,"ix":2,"mn":"ADBE Vector Group","hd":false},{"ty":"gr","it":[{"ind":0,"ty":"sh","ix":1,"ks":{"a":0,"k":{"i":[[0,0],[0.112,-0.694],[-0.006,-0.017],[-0.039,-0.123],[-0.755,-0.336],[0,0],[-1.536,0.423],[0,0],[-0.183,0.407],[0,0],[0,0],[0,0],[-0.033,0.074],[-0.087,0.249],[0,0],[0,0],[-1.738,2.981],[0,0],[4.513,2.302],[0,0],[0,0],[0,0],[0,0],[4.393,-0.463],[0.961,0.215],[0,0],[0.186,0.098],[0,0],[1.459,-3.24],[0.115,-0.25],[0.006,-0.012],[0.007,-0.012],[0.254,0.163],[0.012,-0.023],[0,0],[0,0],[0.006,-0.04],[0.147,-0.986],[0.02,-0.153],[0.019,-0.035],[0,0],[-0.325,-0.509],[-0.052,-0.071],[-0.017,-0.023],[-0.127,-0.125],[-0.294,-0.257],[-0.294,-0.227],[-1.024,-0.638],[-0.063,-0.048],[0,0],[-0.208,-0.137],[-0.417,-0.219],[0,0],[-0.255,-0.134],[-0.25,-0.116],[0,0],[0,0],[0,0],[0,0],[0,0],[0,0],[0,0],[0,0],[0,0],[0,0],[0,0],[-2.818,0.757],[0,0],[-0.569,0.071],[0,0],[0.083,-1.261],[-0.006,-0.02],[0.007,-0.04]],"o":[[-0.15,0.852],[-0.007,0.012],[0.027,0.117],[0.208,0.818],[0,0],[1.277,0.58],[0,0],[0.4,-0.116],[0,0],[0,0],[0,0],[0.033,-0.074],[0.438,-1.192],[0,0],[0,0],[0.104,-0.256],[0.806,-1.383],[-5.365,-2.287],[0,0],[0,0],[0,0],[0,0],[-4.955,3.727],[-0.979,0.103],[0,0],[0,0],[-8.778,-4.03],[-2.945,1.989],[-0.641,1.422],[-0.006,0.01],[-0.006,0.012],[-0.065,0.069],[-0.029,0],[0,0],[-0.15,0.511],[-0.006,0.041],[-0.071,0.362],[-0.008,0.158],[-0.007,0.04],[0,0],[0.223,0.929],[0.097,0.154],[0.04,0.035],[0.109,0.131],[0.252,0.28],[0.259,0.239],[0.964,0.784],[0.064,0.048],[0,0],[0.226,0.134],[0.452,0.267],[0,0],[0.285,0.163],[1.264,0.632],[0,0],[0,0],[0,0],[0,0],[0,0],[0,0],[0,0],[0,0],[0,0],[0,0],[0,0],[2.485,1.123],[0,0],[0.575,-0.083],[0,0],[1.263,-0.013],[-0.003,0.036],[0.006,0.018],[0,0]],"v":[[11.741,19.125],[11.29,21.71],[11.289,21.739],[11.376,22.109],[12.859,23.935],[23.578,28.773],[29.171,30.28],[29.189,30.275],[30.087,29.519],[30.426,28.869],[33.472,23.018],[36.142,17.915],[36.238,17.698],[40.662,6.083],[40.921,5.362],[45.194,-6.731],[49.364,-14.204],[41.621,-18.878],[25.772,-25.828],[17.856,-30.545],[17.583,-30.702],[17.536,-30.668],[6.288,-21.647],[-5.564,-18.308],[-8.498,-18.465],[-15.002,-19.918],[-28.445,-24.351],[-43.273,-24.159],[-47.59,-17.628],[-48.853,-14.818],[-48.865,-14.795],[-48.878,-14.771],[-49.406,-15.004],[-49.489,-14.958],[-49.495,-14.946],[-50.254,-12.197],[-50.285,-12.081],[-50.628,-9.675],[-50.683,-9.201],[-50.709,-9.097],[-50.703,-9.079],[-49.674,-6.754],[-49.434,-6.421],[-49.36,-6.339],[-49.009,-5.964],[-48.187,-5.163],[-47.357,-4.464],[-44.317,-2.313],[-44.12,-2.179],[-44.085,-2.161],[-43.437,-1.763],[-42.11,-1.023],[-42.029,-0.981],[-41.211,-0.539],[-38.762,0.653],[-38.176,0.916],[-35.882,1.953],[-31.997,3.704],[-29.57,4.797],[-25.709,6.536],[-23.311,7.628],[-19.711,9.246],[-17.295,10.332],[-13.782,11.919],[-11.389,12.993],[-4.567,16.074],[3.561,16.633],[7.344,15.613],[9.046,15.381],[9.573,15.375],[11.933,17.618],[11.943,17.694],[11.941,17.781]],"c":true},"ix":2},"nm":"Path 1","mn":"ADBE Vector Shape - Group","hd":false},{"ty":"fl","c":{"a":0,"k":[0.482352941176,0.299581789503,0.121061123119,1],"ix":4},"o":{"a":0,"k":100,"ix":5},"r":1,"bm":0,"nm":"Fill 1","mn":"ADBE Vector Graphic - Fill","hd":false},{"ty":"tr","p":{"a":0,"k":[392.631,820.213],"ix":2},"a":{"a":0,"k":[0,0],"ix":1},"s":{"a":0,"k":[100,100],"ix":3},"r":{"a":0,"k":0,"ix":6},"o":{"a":0,"k":100,"ix":7},"sk":{"a":0,"k":0,"ix":4},"sa":{"a":0,"k":0,"ix":5},"nm":"Transform"}],"nm":"Group 20","np":2,"cix":2,"bm":0,"ix":3,"mn":"ADBE Vector Group","hd":false}],"ip":0,"op":68,"st":0,"bm":0},{"ddd":0,"ind":11,"ty":4,"nm":"leg R upper","parent":5,"sr":1,"ks":{"o":{"a":0,"k":100,"ix":11},"r":{"a":1,"k":[{"i":{"x":[0.667],"y":[1]},"o":{"x":[0.333],"y":[0]},"t":0,"s":[3.529]},{"i":{"x":[0.667],"y":[1]},"o":{"x":[0.333],"y":[0]},"t":32,"s":[-39]},{"t":67,"s":[3.529]}],"ix":10},"p":{"a":0,"k":[556.98,526.996,0],"ix":2},"a":{"a":0,"k":[546.907,541.588,0],"ix":1},"s":{"a":0,"k":[100,100,100],"ix":6}},"ao":0,"shapes":[{"ty":"gr","it":[{"ind":0,"ty":"sh","ix":1,"ks":{"a":0,"k":{"i":[[0,0],[5.215,-13.324],[0,0],[6.386,-9.394],[0,0],[0,0],[0,0],[0,0],[0.908,4.558],[0,0],[0,0],[0,0],[0,0],[0,0],[0,0],[-15.284,-13.73]],"o":[[0,0],[-2.825,7.218],[0,0],[0,0],[0,0],[-5.176,1.635],[-1.26,-0.09],[-5.881,-0.06],[0,0],[0,0],[0,0],[0,0],[0,0],[0,0],[0,0],[6.955,6.248]],"v":[[70.303,-48.222],[65.144,-20.212],[54.352,-6.168],[31.763,14.173],[3.241,63.914],[-17.104,98.417],[-53.176,95.569],[-62.061,93.199],[-70.869,81.994],[-70.03,72.856],[-59.231,32.306],[-48.171,1.534],[-40.474,-25.391],[-33.746,-36.935],[-26.063,-49.083],[63.302,-65.667]],"c":true},"ix":2},"nm":"Path 1","mn":"ADBE Vector Shape - Group","hd":false},{"ty":"fl","c":{"a":0,"k":[0.085167245304,0.119054210887,0.152941176471,1],"ix":4},"o":{"a":0,"k":100,"ix":5},"r":1,"bm":0,"nm":"Fill 1","mn":"ADBE Vector Graphic - Fill","hd":false},{"ty":"tr","p":{"a":0,"k":[526.175,581.619],"ix":2},"a":{"a":0,"k":[0,0],"ix":1},"s":{"a":0,"k":[100,100],"ix":3},"r":{"a":0,"k":0,"ix":6},"o":{"a":0,"k":100,"ix":7},"sk":{"a":0,"k":0,"ix":4},"sa":{"a":0,"k":0,"ix":5},"nm":"Transform"}],"nm":"Group 1","np":2,"cix":2,"bm":0,"ix":1,"mn":"ADBE Vector Group","hd":false}],"ip":0,"op":68,"st":0,"bm":0},{"ddd":0,"ind":12,"ty":4,"nm":"leg R lower","parent":11,"sr":1,"ks":{"o":{"a":0,"k":100,"ix":11},"r":{"a":1,"k":[{"i":{"x":[0.833],"y":[0.833]},"o":{"x":[0.333],"y":[0]},"t":0,"s":[-19.181]},{"i":{"x":[0.667],"y":[1]},"o":{"x":[0.167],"y":[0.167]},"t":16,"s":[-9.181]},{"i":{"x":[0.833],"y":[0.833]},"o":{"x":[0.333],"y":[0]},"t":32,"s":[-2.181]},{"i":{"x":[0.667],"y":[1]},"o":{"x":[0.167],"y":[0.167]},"t":50,"s":[-45.181]},{"t":67,"s":[-19.181]}],"ix":10},"p":{"a":0,"k":[474.737,670.155,0],"ix":2},"a":{"a":0,"k":[476.08,665.174,0],"ix":1},"s":{"a":0,"k":[100,100,100],"ix":6}},"ao":0,"shapes":[{"ty":"gr","it":[{"ind":0,"ty":"sh","ix":1,"ks":{"a":0,"k":{"i":[[-2.251,-3.287],[0,0],[0.995,-1.793],[0,0],[0.128,-0.34],[0,0],[0,0],[0.104,-0.167],[0,0],[0,0],[1.21,0.632],[0,0],[0,0],[0,0],[0,0],[-0.101,0.406],[0,0],[0,0],[-1.669,1.377],[-2.833,1.625],[-1.05,-0.168],[0,0],[-0.706,-0.782]],"o":[[0.859,1.255],[-0.485,1.989],[0,0],[-0.176,0.318],[0,0],[-0.104,0.276],[-0.091,0.176],[0,0],[-0.09,0.216],[-0.82,1.092],[0,0],[-3.648,-1.905],[0,0],[0,0],[0,0],[0,0],[0,0],[0.058,-1.459],[3.206,-2.645],[0.922,-0.529],[0,0],[1.04,0.167],[2.209,2.442]],"v":[[53.971,-69.376],[53.908,-60.173],[51.362,-52.299],[41.877,-36.113],[37.49,-24.804],[23.612,8.205],[4.848,44.419],[4.555,44.932],[-14.101,71.408],[-22.649,80.961],[-35.682,78.479],[-46.154,71.758],[-45.429,54.883],[-41.077,37.297],[-34.229,14.653],[-13.453,-34.577],[-4.066,-59.313],[-0.69,-70.453],[7.268,-82.873],[16.441,-87.136],[28.163,-86.437],[41.217,-81.66],[49.082,-76.027]],"c":true},"ix":2},"nm":"Path 1","mn":"ADBE Vector Shape - Group","hd":false},{"ty":"fl","c":{"a":0,"k":[0.086274509804,0.117647066303,0.152941176471,1],"ix":4},"o":{"a":0,"k":100,"ix":5},"r":1,"bm":0,"nm":"Fill 1","mn":"ADBE Vector Graphic - Fill","hd":false},{"ty":"tr","p":{"a":0,"k":[458.695,728.613],"ix":2},"a":{"a":0,"k":[0,0],"ix":1},"s":{"a":0,"k":[100,100],"ix":3},"r":{"a":0,"k":0,"ix":6},"o":{"a":0,"k":100,"ix":7},"sk":{"a":0,"k":0,"ix":4},"sa":{"a":0,"k":0,"ix":5},"nm":"Transform"}],"nm":"Group 2","np":2,"cix":2,"bm":0,"ix":1,"mn":"ADBE Vector Group","hd":false}],"ip":0,"op":68,"st":0,"bm":0},{"ddd":0,"ind":13,"ty":4,"nm":"arm L upper","parent":5,"sr":1,"ks":{"o":{"a":0,"k":100,"ix":11},"r":{"a":1,"k":[{"i":{"x":[0.667],"y":[1]},"o":{"x":[0.333],"y":[0]},"t":0,"s":[-10]},{"i":{"x":[0.667],"y":[1]},"o":{"x":[0.333],"y":[0]},"t":32,"s":[-41]},{"t":67,"s":[-10]}],"ix":10},"p":{"a":0,"k":[524.328,313.274,0],"ix":2},"a":{"a":0,"k":[65.221,3.654,0],"ix":1},"s":{"a":0,"k":[100,100,100],"ix":6}},"ao":0,"shapes":[{"ty":"gr","it":[{"ind":0,"ty":"sh","ix":1,"ks":{"a":0,"k":{"i":[[1.443,-31.106],[13.783,6.802],[-7.434,15.28],[-0.035,7.402]],"o":[[-7.995,27.078],[-28.149,-13.892],[3.708,-10.441],[-0.78,-81.623]],"v":[[51.39,-32.015],[7.942,44.406],[-24.23,22.721],[-19.632,6.923]],"c":true},"ix":2},"nm":"Path 1","mn":"ADBE Vector Shape - Group","hd":false},{"ty":"fl","c":{"a":0,"k":[0.670588235294,0.662698962642,0.662698962642,1],"ix":4},"o":{"a":0,"k":100,"ix":5},"r":1,"bm":0,"nm":"Fill 1","mn":"ADBE Vector Graphic - Fill","hd":false},{"ty":"tr","p":{"a":0,"k":[60.52,54.272],"ix":2},"a":{"a":0,"k":[18.019,14.832],"ix":1},"s":{"a":0,"k":[100,100],"ix":3},"r":{"a":0,"k":0,"ix":6},"o":{"a":0,"k":100,"ix":7},"sk":{"a":0,"k":0,"ix":4},"sa":{"a":0,"k":0,"ix":5},"nm":"Transform"}],"nm":"Group 1","np":2,"cix":2,"bm":0,"ix":1,"mn":"ADBE Vector Group","hd":false}],"ip":0,"op":68,"st":0,"bm":0},{"ddd":0,"ind":14,"ty":4,"nm":"arm L lower","parent":13,"sr":1,"ks":{"o":{"a":0,"k":100,"ix":11},"r":{"a":1,"k":[{"i":{"x":[0.833],"y":[0.833]},"o":{"x":[0.333],"y":[0]},"t":0,"s":[-3]},{"i":{"x":[0.667],"y":[1]},"o":{"x":[0.167],"y":[0.167]},"t":16,"s":[-16]},{"i":{"x":[0.833],"y":[0.833]},"o":{"x":[0.333],"y":[0]},"t":32,"s":[-20]},{"i":{"x":[0.667],"y":[1]},"o":{"x":[0.167],"y":[0.167]},"t":50,"s":[-13]},{"t":67,"s":[-3]}],"ix":10},"p":{"a":0,"k":[24.181,120.099,0],"ix":2},"a":{"a":0,"k":[476.757,428.621,0],"ix":1},"s":{"a":0,"k":[100,100,100],"ix":6}},"ao":0,"shapes":[{"ty":"gr","it":[{"ind":0,"ty":"sh","ix":1,"ks":{"a":0,"k":{"i":[[0,0],[0,0],[0.537,-1.339],[0,0],[0.243,-0.441],[0,0],[0,0],[0.464,-1.23],[0,0],[-0.516,-2.809],[0,0],[-1.03,-0.706],[0,0],[-1.663,0.157],[0,0],[0.441,2.258],[1.349,-0.141],[0,0],[-0.204,1.022],[0,0],[-0.492,5.427],[0,0],[-0.584,0.825],[0,0],[0,0],[0,0],[-0.349,1.411],[0,0],[3.227,1.532],[0,0],[4.92,-7.641],[0,0]],"o":[[0,0],[-0.816,1.19],[0,0],[-0.187,0.467],[0,0],[0,0],[-0.909,0.948],[0,0],[-1.007,2.672],[0,0],[0.226,1.227],[0,0],[1.378,0.944],[0,0],[2.291,-0.217],[-0.261,-1.332],[0,0],[-1.035,0.108],[0,0],[0.285,-0.796],[0,0],[0.015,-1.011],[0,0],[0,0],[0,0],[0.983,-1.07],[0,0],[0.627,-3.516],[0,0],[-3.743,-1.778],[0,0],[0,0]],"v":[[5.691,-46.844],[-6.081,-32.452],[-14.564,-19.349],[-21.448,-3.807],[-28.954,10.03],[-39.125,28.521],[-46.165,35.866],[-48.245,39.166],[-51.798,48.591],[-52.548,56.967],[-50.255,69.418],[-48.294,72.438],[-42.023,76.737],[-37.316,77.955],[-24.036,76.694],[-20.583,72.073],[-23.428,69.97],[-29.26,70.581],[-30.936,68.741],[-29.392,60.983],[-18.833,45.476],[-19.854,39.386],[-17.272,32.728],[-3.336,12.579],[18.607,-10.558],[45.292,-39.587],[47.323,-43.368],[67.52,-69.125],[77.397,-90.363],[56.599,-103.166],[19.334,-73.379],[12.348,-59.545]],"c":true},"ix":2},"nm":"Path 1","mn":"ADBE Vector Shape - Group","hd":false},{"ty":"fl","c":{"a":0,"k":[1,0.804000016755,0.6,1],"ix":4},"o":{"a":0,"k":100,"ix":5},"r":1,"bm":0,"nm":"Fill 1","mn":"ADBE Vector Graphic - Fill","hd":false},{"ty":"tr","p":{"a":0,"k":[452.171,470.588],"ix":2},"a":{"a":0,"k":[0,0],"ix":1},"s":{"a":0,"k":[100,100],"ix":3},"r":{"a":0,"k":0,"ix":6},"o":{"a":0,"k":100,"ix":7},"sk":{"a":0,"k":0,"ix":4},"sa":{"a":0,"k":0,"ix":5},"nm":"Transform"}],"nm":"Group 1","np":2,"cix":2,"bm":0,"ix":1,"mn":"ADBE Vector Group","hd":false}],"ip":0,"op":68,"st":0,"bm":0}]}],"layers":[{"ddd":0,"ind":1,"ty":0,"nm":"walker animation","refId":"comp_0","sr":1,"ks":{"o":{"a":0,"k":100,"ix":11},"r":{"a":0,"k":0,"ix":10},"p":{"a":0,"k":[220,384,0],"ix":2},"a":{"a":0,"k":[200,400,0],"ix":1},"s":{"a":0,"k":[-100,100,100],"ix":6}},"ao":0,"w":400,"h":800,"ip":0,"op":68,"st":0,"bm":0}],"markers":[]}